USE spotify;

-- 1. Insert Genres
INSERT INTO Genre (Genre_ID, Genre_name)
VALUES
(1, 'canadian pop'),
(2, 'reggaeton flow'),
(3, 'dance pop'),
(4, 'pop'),
(5, 'dfw rap'),
(6, 'trap music'),
(7, 'country rap'),
(8, 'electropop'),
(9, 'reggaeton'),
(10, 'panamanian pop'),
(11, 'canadian hip hop'),
(12, 'latin'),
(13, 'australian pop'),
(14, 'edm'),
(15, 'escape room'),
(16, 'pop house'),
(17, 'atl hip hop'),
(18, 'big room'),
(19, 'boy band'),
(20, 'r&b en espanol'),
(21, 'brostep');

-- 2. Insert Artists
INSERT INTO Artists (Artist_ID, Artist_name)
VALUES
(1, 'shawn mendes'),
(2, 'anuel aa'),
(3, 'ariana grande'),
(4, 'ed sheeran'),
(5, 'post malone'),
(6, 'lil tecca'),
(7, 'sam smith'),
(8, 'lil nas x'),
(9, 'billie eilish'),
(10, 'bad bunny'),
(11, 'dj snake'),
(12, 'lewis capaldi'),
(13, 'sech'),
(14, 'drake'),
(15, 'chris brown'),
(16, 'j balvin'),
(17, 'tones and i'),
(18, 'ali gatie'),
(19, 'daddy yankee'),
(20, 'the chainsmokers'),
(21, 'katy perry'),
(22, 'martin garrix'),
(23, 'jonas brothers'),
(24, 'lauv'),
(25, 'kygo'),
(26, 'taylor swift'),
(27, 'lady gaga'),
(28, 'khalid'),
(29, 'rosalía'),
(30, 'marshmello'),
(31, 'nicky jam'),
(32, 'young thug');

-- 3. Insert Tracks
INSERT INTO Track (Track_ID, Track_name, Popularity, Energy, Length, Genre_ID)
VALUES
(1, 'señorita', 79, 55, 191, 1),
(2, 'china', 92, 81, 302, 2),
(3, 'boyfriend (with social house)', 85, 80, 186, 3),
(4, 'beautiful people (feat_ khalid)', 86, 65, 198, 4),
(5, 'goodbyes (feat_ young thug)', 94, 65, 175, 5),
(6, 'ransom', 92, 64, 131, 6),
(7, 'how do you sleep?', 90, 68, 202, 4),
(8, 'old town road - remix', 87, 62, 157, 7),
(9, 'bad guy', 95, 43, 194, 8),
(10, 'callaita', 93, 62, 251, 9),
(11, 'loco contigo (feat_ j_ balvin & tyga)', 86, 71, 185, 3),
(12, 'someone you loved', 88, 41, 182, 4),
(13, 'otro trago - remix', 87, 79, 288, 10),
(14, 'money in the grave (drake ft_ rick ross)', 92, 50, 205, 11),
(15, 'no guidance (feat_ drake)', 82, 45, 261, 3),
(16, 'la canción', 90, 65, 243, 12),
(17, 'sunflower - spider-man: into the spider-verse', 91, 48, 158, 5),
(18, 'lalala', 88, 39, 161, 11),
(19, 'truth hurts', 91, 62, 173, 15),
(20, 'piece of your heart', 91, 74, 153, 16),
(21, 'panini', 91, 59, 115, 7),
(22, 'no me conoce - remix', 83, 79, 309, 2),
(23, 'soltera - remix', 91, 78, 266, 12),
(24, 'bad guy (with justin bieber)', 89, 45, 195, 8),
(25, 'if i can''t have you', 70, 82, 191, 1),
(26, 'dance monkey', 83, 59, 210, 13),
(27, 'it''s you', 89, 46, 213, 11),
(28, 'con calma', 91, 86, 193, 12),
(29, 'que pretendes', 89, 79, 222, 12),
(30, 'takeaway', 84, 51, 210, 14),
(31, '7 rings', 89, 32, 179, 3),
(32, '0_958333333333333', 89, 71, 176, 9),
(33, 'the london (feat_ j_ cole & travis scott)', 89, 59, 200, 17),
(34, 'never really over', 89, 88, 224, 3),
(35, 'summer days (feat_ macklemore & patrick stump of fall out boy)', 89, 72, 164, 18),
(36, 'otro trago', 91, 70, 226, 10),
(37, 'antisocial (with travis scott)', 87, 82, 162, 4),
(38, 'sucker', 80, 73, 181, 19),
(39, 'fuck, i''m lonely (with anne-marie)', 78, 56, 199, 3),
(40, 'higher love', 88, 68, 228, 14),
(41, 'you need to calm down', 90, 68, 171, 3),
(42, 'shallow', 87, 39, 216, 3),
(43, 'talk', 84, 40, 198, 4),
(44, 'con altura', 88, 69, 162, 20),
(45, 'one thing right', 88, 62, 182, 21),
(46, 'te robaré', 88, 75, 202, 12),
(47, 'happier', 88, 79, 214, 21),
(48, 'call you mine', 88, 70, 218, 14),
(49, 'cross me (feat_ chance the rapper & pnb rock)', 82, 79, 206, 4);

-- 4. Insert Tracks_to_artists
INSERT INTO Traks_to_artists (id, Artist_ID, Track_ID)
VALUES
(1, 1, 1),
(2, 2, 2),
(3, 3, 3),
(4, 4, 4),
(5, 5, 5),
(6, 6, 6),
(7, 7, 7),
(8, 8, 8),
(9, 9, 9),
(10, 10, 10),
(11, 11, 11),
(12, 12, 12),
(13, 13, 13),
(14, 14, 14),
(15, 15, 15),
(16, 16, 16),
(17, 5, 17),
(18, 18, 18),
(19, 19, 28),
(20, 20, 30);

-- 5. Insert Artists_to_Genre
INSERT INTO Artists_to_Genre (id, Artist_ID, Genre_ID)
VALUES
(1, 1, 1),
(2, 2, 2),
(3, 3, 3),
(4, 4, 4),
(5, 5, 5),
(6, 6, 6),
(7, 7, 4),
(8, 8, 7),
(9, 9, 8),
(10, 10, 9),
(11, 11, 3),
(12, 12, 4),
(13, 13, 10),
(14, 14, 11),
(15, 15, 3),
(16, 16, 12),
(17, 17, 13),
(18, 18, 11),
(19, 19, 12),
(20, 20, 14);
